CCTV-1,高清,http://hwvod.yn.chinamobile.com/PLTV/88888894/224/3221225835/1.m3u8
CCTV-1,,http://hwvod.yn.chinamobile.com/PLTV/88888894/224/3221225601/1.m3u8
CCTV-2,高清,http://hwvod.yn.chinamobile.com/PLTV/88888894/224/3221225833/1.m3u8
CCTV-2,,http://hwvod.yn.chinamobile.com/PLTV/88888894/224/3221225599/1.m3u8
CCTV-3,高清,http://hwvod.yn.chinamobile.com/PLTV/88888894/224/3221226337/1.m3u8
CCTV-3,,http://hwvod.yn.chinamobile.com/PLTV/88888894/224/3221226029/1.m3u8
CCTV-4,高清,http://hwvod.yn.chinamobile.com/PLTV/88888894/224/3221225615/1.m3u8
CCTV-4,,http://hwvod.yn.chinamobile.com/PLTV/88888894/224/3221225597/1.m3u8
CCTV-5,高清,http://hwvod.yn.chinamobile.com/PLTV/88888894/224/3221226332/1.m3u8
CCTV-5,,http://hwvod.yn.chinamobile.com/PLTV/88888894/224/3221226031/1.m3u8
CCTV-5+,高清,http://hwvod.yn.chinamobile.com/PLTV/88888894/224/3221225893/1.m3u8
CCTV-6,高清,http://hwvod.yn.chinamobile.com/PLTV/88888894/224/3221226339/1.m3u8
CCTV-6,,http://hwvod.yn.chinamobile.com/PLTV/88888894/224/3221226033/1.m3u8
CCTV-7,高清,http://hwvod.yn.chinamobile.com/PLTV/88888894/224/3221225831/1.m3u8
CCTV-7,,http://hwvod.yn.chinamobile.com/PLTV/88888894/224/3221225595/1.m3u8
CCTV-8,高清,http://hwvod.yn.chinamobile.com/PLTV/88888894/224/3221226334/1.m3u8
CCTV-8,,http://hwvod.yn.chinamobile.com/PLTV/88888894/224/3221226035/1.m3u8
CCTV-9,高清,http://hwvod.yn.chinamobile.com/PLTV/88888894/224/3221225829/1.m3u8
CCTV-10,高清,http://hwvod.yn.chinamobile.com/PLTV/88888894/224/3221225827/1.m3u8
CCTV-10,,http://hwvod.yn.chinamobile.com/PLTV/88888894/224/3221225593/1.m3u8
CCTV-11,高清,http://hwvod.yn.chinamobile.com/PLTV/88888894/224/3221226377/1.m3u8
CCTV-11,高清,http://hwvod.yn.chinamobile.com/PLTV/88888894/224/3221225591/1.m3u8
CCTV-12,高清,http://hwvod.yn.chinamobile.com/PLTV/88888894/224/3221225825/1.m3u8
CCTV-12,,http://hwvod.yn.chinamobile.com/PLTV/88888894/224/3221225589/1.m3u8
CCTV-13,高清,http://hwvod.yn.chinamobile.com/PLTV/88888894/224/3221226362/1.m3u8
CCTV-13,高清,http://hwvod.yn.chinamobile.com/PLTV/88888894/224/3221225587/1.m3u8
CCTV-14,高清,http://hwvod.yn.chinamobile.com/PLTV/88888894/224/3221225823/1.m3u8
CCTV-14,,http://hwvod.yn.chinamobile.com/PLTV/88888894/224/3221225585/1.m3u8
CCTV-15,高清,http://hwvod.yn.chinamobile.com/PLTV/88888894/224/3221226381/1.m3u8
CCTV-15,高清,http://hwvod.yn.chinamobile.com/PLTV/88888894/224/3221225583/1.m3u8
CCTV-16,高清,http://hwvod.yn.chinamobile.com/PLTV/88888894/224/3221226315/1.m3u8
CCTV-16,4K,http://hwvod.yn.chinamobile.com/PLTV/88888894/224/3221226317/1.m3u8
CCTV-17,高清,http://hwvod.yn.chinamobile.com/PLTV/88888894/224/3221226037/1.m3u8
CCTV-17,,http://hwvod.yn.chinamobile.com/PLTV/88888894/224/3221226039/1.m3u8
CCTV-高尔夫・网球,高清,http://hwvod.yn.chinamobile.com/PLTV/88888894/224/3221226382/1.m3u8
CCTV-风云足球,高清,http://hwvod.yn.chinamobile.com/PLTV/88888894/224/3221226405/1.m3u8
CCTV-央视台球,高清,http://hwvod.yn.chinamobile.com/PLTV/88888894/224/3221226380/1.m3u8
CCTV-世界地理,高清,http://hwvod.yn.chinamobile.com/PLTV/88888894/224/3221226403/1.m3u8
CCTV-风云剧场,高清,http://hwvod.yn.chinamobile.com/PLTV/88888894/224/3221226401/1.m3u8
CCTV-电视指南,高清,http://hwvod.yn.chinamobile.com/PLTV/88888894/224/3221226384/1.m3u8
CCTV-兵器科技,高清,http://hwvod.yn.chinamobile.com/PLTV/88888894/224/3221226386/1.m3u8
CCTV-女性时尚,高清,http://hwvod.yn.chinamobile.com/PLTV/88888894/224/3221226409/1.m3u8
CCTV-怀旧剧场,高清,http://hwvod.yn.chinamobile.com/PLTV/88888894/224/3221226388/1.m3u8
CCTV-第一剧场,高清,http://hwvod.yn.chinamobile.com/PLTV/88888894/224/3221226411/1.m3u8
CCTV-风云音乐,高清,http://hwvod.yn.chinamobile.com/PLTV/88888894/224/3221226413/1.m3u8
CCTV-央视文化精品,高清,http://hwvod.yn.chinamobile.com/PLTV/88888894/224/3221226415/1.m3u8
CCTV-卫生健康,高清,http://hwvod.yn.chinamobile.com/PLTV/88888894/224/3221226417/1.m3u8
CETV-早期教育,高清,http://hwvod.yn.chinamobile.com/PLTV/88888894/224/3221226390/1.m3u8
云南卫视,高清,http://hwvod.yn.chinamobile.com/PLTV/88888894/224/3221225821/1.m3u8
云南卫视,高清,http://hwvod.yn.chinamobile.com/PLTV/88888894/224/3221225919/1.m3u8
云南卫视,,http://hwvod.yn.chinamobile.com/PLTV/88888894/224/3221225643/1.m3u8
云南都市频道,高清,http://hwvod.yn.chinamobile.com/PLTV/88888894/224/3221225819/1.m3u8
云南都市频道,,http://hwvod.yn.chinamobile.com/PLTV/88888894/224/3221225641/1.m3u8
云南娱乐频道,高清,http://hwvod.yn.chinamobile.com/PLTV/88888894/224/3221225813/1.m3u8
云南娱乐频道,,http://hwvod.yn.chinamobile.com/PLTV/88888894/224/3221225639/1.m3u8
云南影视频道,高清,http://hwvod.yn.chinamobile.com/PLTV/88888894/224/3221225811/1.m3u8
云南影视频道,,http://hwvod.yn.chinamobile.com/PLTV/88888894/224/3221225635/1.m3u8
云南康旅频道,高清,http://hwvod.yn.chinamobile.com/PLTV/88888894/224/3221225817/1.m3u8
云南康旅频道,,http://hwvod.yn.chinamobile.com/PLTV/88888894/224/3221225633/1.m3u8
云南少儿频道,高清,http://hwvod.yn.chinamobile.com/PLTV/88888894/224/3221225867/1.m3u8
云南少儿频道,,http://hwvod.yn.chinamobile.com/PLTV/88888894/224/3221225629/1.m3u8
澜湄国际,高清,http://hwvod.yn.chinamobile.com/PLTV/88888894/224/3221225631/1.m3u8
云南移动电视,,http://hwvod.yn.chinamobile.com/PLTV/88888894/224/3221225865/1.m3u8
优购物,,http://hwvod.yn.chinamobile.com/PLTV/88888894/224/3221226282/1.m3u8
昆明新闻综合,高清,http://hwvod.yn.chinamobile.com/PLTV/88888894/224/3221225627/1.m3u8
昆明经济生活,,http://hwvod.yn.chinamobile.com/PLTV/88888894/224/3221225625/1.m3u8
昆明科学教育,,http://hwvod.yn.chinamobile.com/PLTV/88888894/224/3221225623/1.m3u8
昆明影视综艺,,http://hwvod.yn.chinamobile.com/PLTV/88888894/224/3221225619/1.m3u8
昆明春城民生,高清,http://hwvod.yn.chinamobile.com/PLTV/88888894/224/3221225617/1.m3u8
昆明教育电视台,高清,http://hwvod.yn.chinamobile.com/PLTV/88888894/224/3221225985/1.m3u8
湖南卫视,高清,http://hwvod.yn.chinamobile.com/PLTV/88888894/224/3221225847/1.m3u8
湖南卫视,,http://hwvod.yn.chinamobile.com/PLTV/88888894/224/3221225679/1.m3u8
江苏卫视,高清,http://hwvod.yn.chinamobile.com/PLTV/88888894/224/3221225849/1.m3u8
江苏卫视,,http://hwvod.yn.chinamobile.com/PLTV/88888894/224/3221225573/1.m3u8
浙江卫视,高清,http://hwvod.yn.chinamobile.com/PLTV/88888894/224/3221225853/1.m3u8
浙江卫视,,http://hwvod.yn.chinamobile.com/PLTV/88888894/224/3221225581/1.m3u8
东方卫视,高清,http://hwvod.yn.chinamobile.com/PLTV/88888894/224/3221225857/1.m3u8
东方卫视,,http://hwvod.yn.chinamobile.com/PLTV/88888894/224/3221225577/1.m3u8
北京卫视,高清,http://hwvod.yn.chinamobile.com/PLTV/88888894/224/3221225861/1.m3u8
北京卫视,,http://hwvod.yn.chinamobile.com/PLTV/88888894/224/3221225683/1.m3u8
天津卫视,高清,http://hwvod.yn.chinamobile.com/PLTV/88888894/224/3221225843/1.m3u8
天津卫视,,http://hwvod.yn.chinamobile.com/PLTV/88888894/224/3221225681/1.m3u8
安徽卫视,高清,http://hwvod.yn.chinamobile.com/PLTV/88888894/224/3221225845/1.m3u8
安徽卫视,,http://hwvod.yn.chinamobile.com/PLTV/88888894/224/3221225553/1.m3u8
深圳卫视,高清,http://hwvod.yn.chinamobile.com/PLTV/88888894/224/3221225851/1.m3u8
深圳卫视,,http://hwvod.yn.chinamobile.com/PLTV/88888894/224/3221225685/1.m3u8
重庆卫视,高清,http://hwvod.yn.chinamobile.com/PLTV/88888894/224/3221225839/1.m3u8
重庆卫视,,http://hwvod.yn.chinamobile.com/PLTV/88888894/224/3221225657/1.m3u8
山东卫视,高清,http://hwvod.yn.chinamobile.com/PLTV/88888894/224/3221225841/1.m3u8
山东卫视,,http://hwvod.yn.chinamobile.com/PLTV/88888894/224/3221225567/1.m3u8
辽宁卫视,高清,http://hwvod.yn.chinamobile.com/PLTV/88888894/224/3221225855/1.m3u8
辽宁卫视,,http://hwvod.yn.chinamobile.com/PLTV/88888894/224/3221225575/1.m3u8
湖北卫视,高清,http://hwvod.yn.chinamobile.com/PLTV/88888894/224/3221225837/1.m3u8
湖北卫视,,http://hwvod.yn.chinamobile.com/PLTV/88888894/224/3221225675/1.m3u8
四川卫视,高清,http://hwvod.yn.chinamobile.com/PLTV/88888894/224/3221225859/1.m3u8
四川卫视,,http://hwvod.yn.chinamobile.com/PLTV/88888894/224/3221225555/1.m3u8
黑龙江卫视,高清,http://hwvod.yn.chinamobile.com/PLTV/88888894/224/3221225915/1.m3u8
黑龙江卫视,,http://hwvod.yn.chinamobile.com/PLTV/88888894/224/3221225569/1.m3u8
江西卫视,高清,http://hwvod.yn.chinamobile.com/PLTV/88888894/224/3221225911/1.m3u8
江西卫视,,http://hwvod.yn.chinamobile.com/PLTV/88888894/224/3221225557/1.m3u8
东南卫视,高清,http://hwvod.yn.chinamobile.com/PLTV/88888894/224/3221225917/1.m3u8
东南卫视,,http://hwvod.yn.chinamobile.com/PLTV/88888894/224/3221225571/1.m3u8
贵州卫视,高清,http://hwvod.yn.chinamobile.com/PLTV/88888894/224/3221225923/1.m3u8
贵州卫视,,http://hwvod.yn.chinamobile.com/PLTV/88888894/224/3221225579/1.m3u8
广东卫视,高清,http://hwvod.yn.chinamobile.com/PLTV/88888894/224/3221226051/1.m3u8
广东卫视,,http://hwvod.yn.chinamobile.com/PLTV/88888894/224/3221225663/1.m3u8
广西卫视,高清,http://hwvod.yn.chinamobile.com/PLTV/88888894/224/3221226111/1.m3u8
广西卫视,,http://hwvod.yn.chinamobile.com/PLTV/88888894/224/3221225665/1.m3u8
河南卫视,高清,http://hwvod.yn.chinamobile.com/PLTV/88888894/224/3221226115/1.m3u8
河南卫视,,http://hwvod.yn.chinamobile.com/PLTV/88888894/224/3221225561/1.m3u8
吉林卫视,高清,http://hwvod.yn.chinamobile.com/PLTV/88888894/224/3221226121/1.m3u8
吉林卫视,,http://hwvod.yn.chinamobile.com/PLTV/88888894/224/3221225659/1.m3u8
河北卫视,高清,http://hwvod.yn.chinamobile.com/PLTV/88888894/224/3221226127/1.m3u8
河北卫视,,http://hwvod.yn.chinamobile.com/PLTV/88888894/224/3221225653/1.m3u8
海南卫视,高清,http://hwvod.yn.chinamobile.com/PLTV/88888894/224/3221226331/1.m3u8
海南卫视,,http://hwvod.yn.chinamobile.com/PLTV/88888894/224/3221225667/1.m3u8
陕西卫视,高清,http://hwvod.yn.chinamobile.com/PLTV/88888894/224/3221226369/1.m3u8
陕西卫视,高清,http://hwvod.yn.chinamobile.com/PLTV/88888894/224/3221225563/1.m3u8
山西卫视,高清,http://hwvod.yn.chinamobile.com/PLTV/88888894/224/3221225565/1.m3u8
宁夏卫视,高清,http://hwvod.yn.chinamobile.com/PLTV/88888894/224/3221225559/1.m3u8
甘肃卫视,高清,http://hwvod.yn.chinamobile.com/PLTV/88888894/224/3221225661/1.m3u8
青海卫视,高清,http://hwvod.yn.chinamobile.com/PLTV/88888894/224/3221225677/1.m3u8
内蒙古卫视,高清,http://hwvod.yn.chinamobile.com/PLTV/88888894/224/3221225649/1.m3u8
新疆卫视,高清,http://hwvod.yn.chinamobile.com/PLTV/88888894/224/3221225645/1.m3u8
西藏卫视,高清,http://hwvod.yn.chinamobile.com/PLTV/88888894/224/3221225671/1.m3u8
,,
,,
金鹰卡通,,http://hwvod.yn.chinamobile.com/PLTV/88888894/224/3221225669/1.m3u8
优漫卡通,,http://hwvod.yn.chinamobile.com/PLTV/88888894/224/3221225885/1.m3u8
炫动卡通,,http://hwvod.yn.chinamobile.com/PLTV/88888894/224/3221225673/1.m3u8
北京卡酷少儿,,http://hwvod.yn.chinamobile.com/PLTV/88888894/224/3221225801/1.m3u8
嘉佳卡通,,http://hwvod.yn.chinamobile.com/PLTV/88888894/224/3221225889/1.m3u8
,,
CETV-1,高清,http://hwvod.yn.chinamobile.com/PLTV/88888894/224/3221226057/1.m3u8
CETV-1,,http://hwvod.yn.chinamobile.com/PLTV/88888894/224/3221225651/1.m3u8
CETV-2,,http://hwvod.yn.chinamobile.com/PLTV/88888894/224/3221226095/1.m3u8
CETV-4,高清,http://hwvod.yn.chinamobile.com/PLTV/88888894/224/3221226335/1.m3u8
CETV-4,,http://hwvod.yn.chinamobile.com/PLTV/88888894/224/3221226093/1.m3u8
北京纪实科教,高清,http://hwvod.yn.chinamobile.com/PLTV/88888894/224/3221226373/1.m3u8
上海纪实人文,高清,http://hwvod.yn.chinamobile.com/PLTV/88888894/224/3221225921/1.m3u8
金鹰纪实,高清,http://hwvod.yn.chinamobile.com/PLTV/88888894/224/3221225925/1.m3u8
农林卫视,,http://hwvod.yn.chinamobile.com/PLTV/88888894/224/3221225887/1.m3u8
兵团卫视,,http://hwvod.yn.chinamobile.com/PLTV/88888894/224/3221225647/1.m3u8
厦门卫视,,http://hwvod.yn.chinamobile.com/PLTV/88888894/224/3221226289/1.m3u8
康巴卫视,,http://hwvod.yn.chinamobile.com/PLTV/88888894/224/3221225993/1.m3u8
安多卫视,,http://hwvod.yn.chinamobile.com/PLTV/88888894/224/3221226159/1.m3u8
延边卫视,,http://hwvod.yn.chinamobile.com/PLTV/88888894/224/3221226157/1.m3u8
欢笑剧场,4K,http://hwvod.yn.chinamobile.com/PLTV/88888894/224/3221226376/1.m3u8
金色学堂,高清,http://hwvod.yn.chinamobile.com/PLTV/88888894/224/3221226349/1.m3u8
动漫秀场,高清,http://hwvod.yn.chinamobile.com/PLTV/88888894/224/3221226347/1.m3u8
游戏风云,高清,http://hwvod.yn.chinamobile.com/PLTV/88888894/224/3221226351/1.m3u8
法治天地,高清,http://hwvod.yn.chinamobile.com/PLTV/88888894/224/3221226385/1.m3u8
都市剧场,高清,http://hwvod.yn.chinamobile.com/PLTV/88888894/224/3221226393/1.m3u8
生活时尚,高清,http://hwvod.yn.chinamobile.com/PLTV/88888894/224/3221226391/1.m3u8
乐游,高清,http://hwvod.yn.chinamobile.com/PLTV/88888894/224/3221226383/1.m3u8
河南梨园频道,高清,http://hwvod.yn.chinamobile.com/PLTV/88888894/224/3221226395/1.m3u8
河南武术世界,高清,http://hwvod.yn.chinamobile.com/PLTV/88888894/224/3221226370/1.m3u8
河南文物宝库,高清,http://hwvod.yn.chinamobile.com/PLTV/88888894/224/3221226372/1.m3u8
魅力足球,高清,http://hwvod.yn.chinamobile.com/PLTV/88888894/224/3221226389/1.m3u8
东方财经,高清,http://hwvod.yn.chinamobile.com/PLTV/88888894/224/3221226387/1.m3u8
发现之旅,,http://hwvod.yn.chinamobile.com/PLTV/88888894/224/3221226419/1.m3u8
环球奇观,,http://hwvod.yn.chinamobile.com/PLTV/88888894/224/3221226392/1.m3u8
国学频道,,http://hwvod.yn.chinamobile.com/PLTV/88888894/224/3221226394/1.m3u8
书法频道,,http://hwvod.yn.chinamobile.com/PLTV/88888894/224/3221226342/1.m3u8
湖南先锋乒羽,,http://hwvod.yn.chinamobile.com/PLTV/88888894/224/3221226299/1.m3u8
湖南快乐垂钓,,http://hwvod.yn.chinamobile.com/PLTV/88888894/224/3221226297/1.m3u8
湖南茶频道,,http://hwvod.yn.chinamobile.com/PLTV/88888894/224/3221226294/1.m3u8
山东教育卫视,,http://hwvod.yn.chinamobile.com/PLTV/88888894/224/3221225883/1.m3u8
环球旅游,,http://hwvod.yn.chinamobile.com/PLTV/88888894/224/3221226341/1.m3u8
江苏财富天下,,http://hwvod.yn.chinamobile.com/PLTV/88888894/224/3221226338/1.m3u8
中华特产,,http://hwvod.yn.chinamobile.com/PLTV/88888894/224/3221226345/1.m3u8
车迷频道,,http://hwvod.yn.chinamobile.com/PLTV/88888894/224/3221226343/1.m3u8
汽摩频道,,http://hwvod.yn.chinamobile.com/PLTV/88888894/224/3221226421/1.m3u8
老故事,,http://hwvod.yn.chinamobile.com/PLTV/88888894/224/3221226340/1.m3u8
中学生,,http://hwvod.yn.chinamobile.com/PLTV/88888894/224/3221226366/1.m3u8
CGTN1,,http://hwvod.yn.chinamobile.com/PLTV/88888894/224/3221226105/1.m3u8
CGTN2,高清,http://hwvod.yn.chinamobile.com/PLTV/88888894/224/3221226113/1.m3u8
CGTN3,高清,http://hwvod.yn.chinamobile.com/PLTV/88888894/224/3221226109/1.m3u8
CGTN-法语,,http://hwvod.yn.chinamobile.com/PLTV/88888894/224/3221226149/1.m3u8
CGTN4,,http://hwvod.yn.chinamobile.com/PLTV/88888894/224/3221226147/1.m3u8
CGTN5,,http://hwvod.yn.chinamobile.com/PLTV/88888894/224/3221226145/1.m3u8
CGTN6,,http://hwvod.yn.chinamobile.com/PLTV/88888894/224/3221226155/1.m3u8
CGTN7,,http://hwvod.yn.chinamobile.com/PLTV/88888894/224/3221225803/1.m3u8
